# This file contains all markers associated with the QTLs courtesy Sassoum Lo, UC-Riverside
TaxonID	3920
Variety	IT97K-499-35
#Marker	QTL
2_54039	CPshat3
2_12700	CPshat3
2_48171	CPshat3
2_53854	CPshat3
2_32440	CPshat3
2_35187	CPshat3
2_36171	CPshat3
2_37203	CPshat3
1_1522	CPshat3
2_36761	CPshat3
2_00075	CPshat3
2_11384	CPshat3
2_15735	CPshat3
2_18504	CPshat3
2_19242	CPshat3
2_22340	CPshat3
2_30145	CPshat3
2_32533	CPshat3
2_32563	CPshat3
2_33564	CPshat3
2_39485	CPshat3
2_50002	CPshat3
2_46041	CPshat3
2_16653	CPshat3
2_27508	CPshat3
2_36742	CPshat3
2_34265	CPshat3
2_36743	CPshat3
2_32124	CPshat3
2_36825	CPshat3
2_36828	CPshat3
2_46785	CPshat3
2_27838	CPshat3
2_34044	CPshat3
2_27509	CPshat3
2_11588	CPshat3
2_14763	CPshat3
2_19151	CPshat3
2_34955	CPshat3
2_36322	CPshat3
2_36613	CPshat3
2_36827	CPshat3
2_47279	CPshat3
1_0812	CPshat3
2_03696	CPshat3
2_48454	CPshat3
1_0296	CPshat3
2_51488	CPshat3
2_10715	CPshat3
2_33117	CPshat3
2_46485	CPshat3
2_00968	CPshat3
2_05973	CPshat3
2_19500	CPshat3
2_42674	CPshat3
2_19904	CPshat3
2_19905	CPshat3
2_13041	CPshat3
2_03927	CPshat3
2_08442	CPshat3
2_45376	CPshat3
2_37286	CPshat3
2_11512	CPshat3
2_21836	CPshat3
2_42486	CPshat3
2_50102	CPshat3
2_00420	CPshat3
2_18908	CPshat3
2_00421	CPshat3
2_05623	CPshat3
2_11226	CPshat3
2_24667	CPshat3
2_33937	CPshat3
2_52844	CPshat3
2_10179	CPshat3
2_26919	CPshat3
2_34336	CPshat3
2_00535	CPshat3
2_05622	CPshat3
2_11227	CPshat3
2_12225	CPshat3
2_10178	CPshat3
2_13578	CPshat3
2_27761	CPshat3
2_28403	CPshat3
2_45094	CPshat3
2_34341	CPshat3
2_35863	CPshat3
2_36640	CPshat3
2_01927	CPshat3
2_34868	CPshat3
2_11338	CPshat3
2_18943	CPshat3
2_20305	CPshat3
2_28799	CPshat3
2_11337	CPshat3
2_17908	CPshat3
2_25784	CPshat3
2_28604	CPshat3
2_05100	CPshat3
2_08695	CPshat3
2_08697	CPshat3
2_14691	CPshat3
2_17841	CPshat3
2_18834	CPshat3
2_35683	CPshat3
2_42549	CPshat3
2_43388	CPshat3
2_00030	CPshat3
2_36290	CPshat3
2_40922	CPshat3
2_13618	CPshat3
2_35788	CPshat3
2_36805	CPshat3
2_49842	CPshat3
2_09130	CPshat3
2_13037	CPshat3
2_16782	CPshat3
2_19049	CPshat3
2_26791	CPshat3
2_32655	CPshat3
2_33845	CPshat3
1_0772	CPshat3
2_26247	CPshat3
2_53959	CPshat3
2_09575	CPshat3
2_13617	CPshat3
2_05942	CPshat3
2_18255	CPshat3
2_28200	CPshat3
2_30455	CPshat3
2_34097	CPshat3
2_41957	CPshat3
2_36200	CPshat3
2_37173	CPshat3
2_34631	CPshat3
2_46246	CPshat3
2_30418	CPshat3
2_12505	CPshat3
2_19111	CPshat3
2_19112	CPshat3
2_24714	CPshat3
2_06200	CPshat3
2_00525	CPshat5
2_00699	CPshat5
2_04913	CPshat5
2_27466	CPshat5
2_29492	CPshat5
2_30531	CPshat5
1_0835	CPshat5
2_02896	CPshat5
2_04916	CPshat5
2_16567	CPshat5
2_20429	CPshat5
2_21034	CPshat5
2_34975	CPshat5
2_35589	CPshat5
2_36558	CPshat5
2_36907	CPshat5
2_34935	CPshat5
2_34936	CPshat5
2_36906	CPshat5
2_37145	CPshat5
2_03437	CPshat5
2_12771	CPshat5
2_36219	CPshat5
2_35475	CPshat5
2_36969	CPshat5
2_38877	CPshat5
2_32397	CPshat5
2_19673	CPshat5
2_28252	CPshat5
2_29103	CPshat5
2_34765	CPshat5
2_35196	CPshat5
2_35875	CPshat5
2_36754	CPshat5
2_37661	CPshat5
2_54099	CPshat5
2_16940	CPshat5
2_16941	CPshat5
2_19674	CPshat5
2_34766	CPshat5
2_35195	CPshat5
2_37662	CPshat5
2_35557	CPshat5
2_48960	CPshat5
2_23044	CPshat5
2_31794	CPshat5
2_54144	CPshat5
2_13300	CPshat5
1_0727	CPshat5
2_03670	CPshat5
2_07336	CPshat5
2_10231	CPshat5
2_13299	CPshat5
2_13478	CPshat5
2_14498	CPshat5
2_16169	CPshat5
2_16170	CPshat5
2_19527	CPshat5
2_20153	CPshat5
2_24251	CPshat5
2_29342	CPshat5
2_29864	CPshat5
2_11814	CPshat5
2_30600	CPshat5
2_30603	CPshat5
2_34233	CPshat5
2_24250	CPshat5
2_02267	CPshat5
2_02637	CPshat5
2_07335	CPshat5
2_07347	CPshat5
2_07348	CPshat5
2_13216	CPshat5
2_13217	CPshat5
2_13477	CPshat5
2_14495	CPshat5
2_14496	CPshat5
2_14497	CPshat5
2_14940	CPshat5
2_14941	CPshat5
2_21164	CPshat5
2_34411	CPshat5
2_30602	CPshat5
2_34477	CPshat5
2_07544	CPshat5
2_03149	CPshat5
2_13549	CPshat5
2_15792	CPshat5
2_22203	CPshat5
2_22204	CPshat5
2_33951	CPshat5
2_13548	CPshat5
2_22907	CPshat5
2_23718	CPshat5
2_23719	CPshat5
2_41107	CPshat5
2_02973	CPshat5
2_02974	CPshat5
2_05728	CPshat5
2_11977	CPshat5
2_29011	CPshat5
2_11255	CPshat5
2_11616	CPshat5
2_30879	CPshat5
2_32236	CPshat5
2_53923	CPshat5
2_04805	CPshat5
2_33511	CPshat5
2_04804	CPshat5
2_52642	CPshat5
2_40968	CPedl5
2_00602	CPedl5
2_48853	CPedl5
2_55502	CPedl5
2_20897	CPedl5
2_25666	CPedl5
2_36014	CPedl5
2_37414	CPedl5
2_35729	CPedl5
2_38455	CPedl5
2_49300	CPedl5
2_13988	CPedl5
2_40932	CPedl5
2_35547	CPedl5
2_35076	CPedl5
2_35302	CPedl5
2_35303	CPedl5
2_53402	CPedl5
2_12960	CPedl5
2_14515	CPedl5
2_26055	CPedl5
2_33529	CPedl5
2_37088	CPedl5
2_41851	CPedl5
2_44997	CPedl5
2_50994	CPedl5
2_53314	CPedl5
2_03726	CPedl5
2_21103	CPedl5
2_21104	CPedl5
2_34272	CPedl5
2_35646	CPedl5
2_50802	CPedl5
2_51164	CPedl5
2_08186	CPedl5
2_41993	CPedl5
2_43732	CPedl5
2_08187	CPedl5
2_36556	CPedl5
2_35805	CPedl5
2_08346	CPedl5
2_00251	CPedl5
2_00252	CPedl5
2_00253	CPedl5
2_02361	CPedl5
2_02362	CPedl5
2_03672	CPedl5
2_14451	CPedl5
2_14714	CPedl5
2_16914	CPedl5
2_16994	CPedl5
2_21731	CPedl5
2_49658	CPedl5
2_51794	CPedl5
2_21380	CPedl5
2_14450	CPedl5
2_01425	CPedl5
2_16915	CPedl5
2_20415	CPedl5
2_30541	CPedl5
2_30542	CPedl5
2_00374	CPedl5
2_00376	CPedl5
2_24955	CPedl5
2_26663	CPedl5
2_26665	CPedl5
2_28334	CPedl5
2_31189	CPedl5
2_46476	CPedl5
2_49161	CPedl5
2_51076	CPedl5
2_52563	CPedl5
2_20727	CPedl5
2_11115	CPedl5
2_17512	CPedl5
2_19043	CPedl5
2_29947	CPedl5
2_35939	CPedl5
2_39528	CPedl5
2_24439	CPedl5
2_00559	CPedl5
2_02593	CPedl5
2_08848	CPedl5
2_10847	CPedl5
2_48635	CPedl5
2_00777	CPedl5
2_04162	CPedl5
2_04236	CPedl5
2_04237	CPedl5
2_08846	CPedl5
2_08849	CPedl5
2_16081	CPedl5
2_32363	CPedl5
2_04249	CPedl5
2_12332	CPedl5
2_29941	CPedl5
2_46777	CPedl5
2_24068	CPedl5
2_11741	CPedl5
2_28176	CPedl5
2_28822	CPedl5
2_39331	CPedl5
2_48086	CPedl5
2_17848	CPedl5
2_04420	CPedl5
2_04421	CPedl5
2_46988	CPedl5
2_11968	CPedl5
2_28699	CPedl5
2_32601	CPedl5
2_17389	CPedl5
2_27987	CPedl5
2_46151	CPedl5
2_18298	CPedl5
2_34923	CPedl5
2_36477	CPedl5
2_04472	CPedl5
2_23482	CPedl5
2_23709	CPedl5
2_23710	CPedl5
2_24594	CPedl5
2_30702	CPedl5
2_33646	CPedl5
2_34687	CPedl5
2_35726	CPedl5
2_36734	CPedl5
2_47745	CPedl5
2_50377	CPedl5
2_55562	CPedl5
2_03008	CPedl5
2_54920	CPedl5
2_06466	CPedl5
2_10274	CPedl5
2_24593	CPedl5
2_27127	CPedl5
2_36735	CPedl5
2_36989	CPedl5
2_47274	CPedl5
2_52677	CPedl5
2_47977	CPedl5
2_36783	CPedl5
2_37099	CPedl5
2_46418	CPedl5
2_34401	CPedl5
2_13121	CPedl5
2_16503	CPedl5
2_23465	CPedl5
2_43062	CPedl5
2_44889	CPedl5
1_1088	CPedl5
2_31861	CPedl5
2_34724	CPedl5
2_26033	CPedl5
2_35532	CPedl5
2_41333	CPedl5
2_09567	CPedl5
2_25079	CPedl5
2_25080	CPedl5
2_27967	CPedl5
2_35015	CPedl5
2_35399	CPedl5
2_35400	CPedl5
2_37280	CPedl5
2_37780	CPedl5
2_38666	CPedl5
2_08819	CPedl5
2_08820	CPedl5
2_25081	CPedl5
2_27966	CPedl5
2_36604	CPedl5
2_36721	CPedl5
2_38667	CPedl5
2_53167	CPedl5
2_52808	CPedl5
2_26158	CPedl5
2_55508	CPedl5
2_09741	CPedl5
2_20532	CPedl5
2_20533	CPedl5
2_29774	CPedl5
2_35596	CPedl5
2_03999	CPedl5
2_18665	CPedl5
2_36174	CPedl5
2_01204	CPedl5
2_33011	CPedl5
2_35498	CPedl5
2_37219	CPedl5
2_37220	CPedl5
2_53389	CPedl5
2_55467	CPedl5
2_11556	CPedl5
2_29102	CPedl5
2_14896	CPedl5
2_18473	CPedl5
2_50573	CPedl5
2_14892	CPedl5
2_43854	CPedl5
2_53769	CPedl5
2_03980	CPedl5
2_31820	CPedl5
2_32254	CPedl5
2_31821	CPedl5
2_02385	CPedl5
2_29882	CPedl5
1_0222	CPedl5
2_01897	CPedl5
2_03940	CPedl5
2_09611	CPedl5
2_13254	CPedl5
2_13255	CPedl5
2_13525	CPedl5
2_13526	CPedl5
2_19597	CPedl5
2_20225	CPedl5
2_30162	CPedl5
2_30761	CPedl5
2_33054	CPedl5
2_35543	CPedl5
2_05064	CPedl5
2_15213	CPedl5
2_15812	CPedl5
2_28104	CPedl5
2_34123	CPedl5
2_35082	CPedl5
2_35654	CPedl5
2_04641	CFcol7
2_40081	CFcol7
2_06783	CFcol7
2_08961	CFcol7
2_27241	CFcol7
2_30412	CFcol7
2_51922	CFcol7
2_48202	CFcol7
2_22453	CFcol7
2_07322	CFcol7
2_53213	CFcol7
2_37522	CFcol7
2_24322	CFcol7
2_32522	CFcol7
2_45657	CFcol7
2_25171	CFcol7
2_39243	CFcol7
2_32831	CFcol7
2_39620	CFcol7
2_24259	CFcol7
2_19441	CFcol7
2_24258	CFcol7
2_24959	CFcol7
2_30692	CFcol7
2_46029	CFcol7
2_55172	CFcol7
2_12939	CFcol7
2_06975	CFcol7
2_09929	CFcol7
2_09931	CFcol7
2_09932	CFcol7
2_10045	CFcol7
2_18167	CFcol7
2_54104	CFcol7
1_0525	CFcol7
1_1048	CFcol7
2_08507	CFcol7
2_17108	CFcol7
2_51040	CFcol7
2_17109	CFcol7
2_18909	CFcol7
2_52128	CFcol7
2_29617	CFcol7
1_1505	CFcol7
2_01669	CFcol7
2_01670	CFcol7
2_02003	CFcol7
2_04758	CFcol7
2_09638	CFcol7
2_11065	CFcol7
2_14246	CFcol7
2_14821	CFcol7
2_15289	CFcol7
2_23041	CFcol7
2_23529	CFcol7
2_25401	CFcol7
2_27874	CFcol7
2_28707	CFcol7
2_28850	CFcol7
2_28851	CFcol7
2_29618	CFcol7
2_32313	CFcol7
2_34339	CFcol7
2_39112	CFcol7
2_42057	CFcol7
2_47670	CFcol7
2_52141	CFcol7
2_03128	CFcol7
2_09639	CFcol7
2_09761	CFcol7
2_13996	CFcol7
2_13998	CFcol7
2_13999	CFcol7
2_14247	CFcol7
2_18459	CFcol7
2_29608	CFcol7
2_29609	CFcol7
2_46553	CFcol7
2_05143	CFcol7
2_15554	CFcol7
2_29832	CFcol7
2_01939	CFcol7
2_32515	CFcol7
2_34144	CFcol7
2_05144	CFcol7
2_24328	CFcol7
2_04671	CFcol7
2_04673	CFcol7
2_14829	CFcol7
2_14830	CFcol7
2_49087	CFcol7
2_50717	CFcol7
2_29624	CFcol7
1_0934	CFcol7
2_35471	CFcol7
2_37031	CFcol7
2_19103	CFcol7
2_24687	CFcol7
2_24688	CFcol7
2_36976	CFcol7
2_39983	CFcol7
2_46429	CFcol7
2_32469	CFcol7
2_06543	CFcol7
2_06544	CFcol7
2_00815	CFcol7
2_00816	CFcol7
2_06580	CFcol7
2_06582	CFcol7
2_06629	CFcol7
2_08972	CFcol7
2_19573	CFcol7
2_41543	CFcol7
2_43619	CFcol7
2_46971	CFcol7
2_48458	CFcol7
2_42002	CFcol7
2_05798	CFcol7
2_00636	CFcol7
2_02376	CFcol7
2_05211	CFcol7
2_05799	CFcol7
2_09582	CFcol7
2_11590	CFcol7
2_26176	CFcol7
2_26671	CFcol7
2_50444	CFcol7
2_53395	CFcol7
2_00635	CFcol7
2_51928	CFcol7
2_20222	CFcol7
2_40026	CFcol7
1_0219	CFcol7
2_06581	CFcol7
2_07765	CFcol7
2_08226	CFcol7
2_08227	CFcol7
2_24957	CFcol7
2_54364	CFcol7
2_06242	CFcol7
2_06243	CFcol7
2_11589	CFcol7
2_36359	CFcol7
2_52579	CFcol7
2_40455	CFcol7
2_17071	CFcol7
2_22996	CFcol7
2_26797	CFcol7
2_51889	CFcol7
2_00405	CFcol7
2_03431	CFcol7
2_12186	CFcol7
2_17999	CFcol7
2_19077	CFcol7
2_21559	CFcol7
2_45933	CFcol7
2_43434	CFcol7
1_1059	CFcol7
2_43817	CFcol7
2_47492	CFcol7
1_1096	CFcol7
1_1428	CFcol7
2_04830	CFcol7
2_06796	CFcol7
2_09847	CFcol7
2_12758	CFcol7
2_28402	CFcol7
2_29599	CFcol7
2_29600	CFcol7
2_29807	CFcol7
2_20010	CFcol7
2_03253	CFcol7
2_03254	CFcol7
2_03283	CFcol7
2_04168	CFcol7
2_10308	CFcol7
2_10641	CFcol7
2_20011	CFcol7
2_26543	CFcol7
2_40405	CFcol7
2_43820	CFcol7
2_47778	CFcol7
2_04829	CFcol7
2_04852	CFcol7
2_06795	CFcol7
2_23916	CFcol7
2_55327	CFcol7
2_10176	CFcol7
2_12759	CFcol7
2_28440	CFcol7
2_43510	CFcol7
2_51368	CFcol7
2_07070	CFcol7
2_02461	CFcol7
2_03004	CFcol7
2_02857	CFcol7
2_03005	CFcol7
2_53946	CFcol7
2_54231	CFcol7
2_31777	CFcol7
2_34082	CFcol7
2_25534	CFcol7
2_04478	CFcol7
2_50107	CFcol7
2_51688	CFcol7
2_02183	CFcol7
2_15629	CFcol7
2_23000	CFcol7
2_47800	CFcol7
1_0041	CFcol7
2_13453	CFcol7
2_25068	CFcol7
2_29396	CFcol7
2_29430	CFcol7
2_34565	CFcol7
2_35796	CFcol7
2_43233	CFcol7
2_47424	CFcol7
2_02301	CFcol7
2_15628	CFcol7
2_19746	CFcol7
2_02059	CFcol7
2_13361	CFcol7
2_32517	CFcol7
2_41121	CFcol7
2_13454	CFcol7
2_09339	CFcol7
2_32899	CFcol7
2_17054	CFt5
1_0449	CFt5
2_08464	CFt5
2_27319	CFt5
2_27318	CFt5
2_06642	CFt5
1_1275	CFt5
2_07033	CFt5
2_07034	CFt5
2_17899	CFt5
2_36252	CFt5
2_46616	CFt5
2_01623	CFt5
2_21128	CFt5
2_17163	CFt5
2_12641	CFt5
2_12640	CFt5
2_18244	CFt5
2_05337	CFt5
2_05332	CFt5
2_01008	CFt5
2_15573	CFt5
2_01009	CFt5
2_19215	CFt5
2_29252	CFt5
2_54686	CFt5
2_26483	CFt5
2_13394	CFt5
2_26808	CFt5
2_32059	CFt5
2_05130	CFt5
2_13199	CFt5
2_25673	CFt5
2_28097	CFt5
2_33110	CFt5
2_41783	CFt5
2_13087	CFt5
2_33109	CFt5
2_04732	CFt5
2_37944	CFt5
2_09311	CFt5
2_23875	CFt5
2_51813	CFt9
2_26619	CFt9
2_28523	CFt9
2_35859	CFt9
2_06531	CFt9
2_35542	CFt9
2_08234	CFt9
2_19852	CFt9
2_21514	CFt9
2_21515	CFt9
2_21775	CFt9
2_24675	CFt9
2_25846	CFt9
2_27733	CFt9
2_49172	CFt9
2_37217	CFt9
2_46076	CFt9
2_34524	CFt9
2_23358	CFt9
2_29621	CFt9
2_51462	CFt9
2_35182	CFt9
2_54759	CFt9
2_55405	CFt9
2_17990	CFt9
2_27357	CFt9
2_45416	CFt9
2_54898	CFt9
2_36230	CFt9
2_09948	CFt9
2_12230	CFt9
2_09949	CFt9
2_12231	CFt9
2_32779	CFt9
2_53840	CFt9
2_05891	CFt9
2_19533	CFt9
2_23813	CFt9
2_33372	CFt9
2_46801	CFt9
2_54362	CFt9
2_05890	CFt9
2_33605	CFt9
2_51751	CFt9
2_01303	CFt9
2_14598	CFt9
2_27439	CFt9
2_34003	CFt9
2_11646	CFt9
2_11647	CFt9
2_11879	CFt9
2_52480	CFt9
2_47254	CFt9
2_21235	CFt9
2_18573	CFt9
2_30728	CFt9
2_44550	CFt9
2_01369	CFt9
2_21672	CFt9
2_40660	CFt9
2_49248	CFt9
2_11123	CFt9
1_0517	CFt9
2_48491	CFt9
2_40011	CFt9
2_47903	CFt9
2_03945	CFt9
2_04331	CFt9
2_04515	CFt9
2_10024	CFt9
2_10026	CFt9
2_10674	CFt9
2_10871	CFt9
2_10872	CFt9
2_11952	CFt9
2_18645	CFt9
2_22653	CFt9
2_23950	CFt9
2_24275	CFt9
2_28803	CFt9
2_46956	CFt9
2_53615	CFt9
1_1008	CFt9
2_02909	CFt9
2_02910	CFt9
2_04690	CFt9
2_04691	CFt9
2_09546	CFt9
2_11575	CFt9
2_11576	CFt9
2_14180	CFt9
2_14181	CFt9
2_16430	CFt9
2_17693	CFt9
2_19330	CFt9
2_27973	CFt9
2_51470	CFt9
2_53750	CFt9
2_27971	CFt9
2_01863	CFt9
2_04330	CFt9
2_10025	CFt9
2_18644	CFt9
2_19088	CFt9
2_20615	CFt9
2_20781	CFt9
2_24276	CFt9
2_38674	CFt9
2_04689	CFt9
2_09545	CFt9
2_10778	CFt9
2_15870	CFt9
2_17694	CFt9
2_20067	CFt9
2_20068	CFt9
2_23603	CFt9
2_28871	CFt9
2_31856	CFt9
2_33113	CFt9
2_49208	CFt9
2_04516	CFt9
2_47914	CFt9
2_44245	CFt9
2_22038	CFt9
2_10720	CFt9
2_14698	CFt9
2_22586	CFt9
2_06811	CFt9
2_33291	CFt9
2_40926	CFt9
2_13932	CFt9
2_00736	CFt9
2_02888	CFt9
2_05193	CFt9
2_10254	CFt9
2_13326	CFt9
2_13696	CFt9
2_19709	CFt9
2_24137	CFt9
2_39575	CFt9
2_39979	CFt9
2_49148	CFt9
2_55044	CFt9
2_19332	CFt9
2_00735	CFt9
2_00737	CFt9
2_00738	CFt9
2_02887	CFt9
2_05106	CFt9
2_05194	CFt9
2_13325	CFt9
2_24138	CFt9
2_26661	CFt9
2_26662	CFt9
2_29515	CFt9
2_03006	CFt9
2_03007	CFt9
2_09086	CFt9
2_16050	CFt9
2_23839	CFt9
2_25345	CFt9
2_31268	CFt9
2_39885	CFt9
2_50093	CFt9
2_54727	CFt9
2_14979	CFt9
2_29913	CFt9
2_20965	CFt9
2_05951	CFt9
2_29349	CFt9
2_32302	CFt9
2_38894	CFt9
2_47107	CFt9
2_48395	CFt9
2_54586	CFt9
2_04844	CFt9
2_22790	CFt9
2_31600	CFt9
2_02744	CFt9
2_12106	CFt9
2_15123	CFt9
2_20441	CFt9
2_25659	CFt9
2_25805	CFt9
2_28981	CFt9
2_29199	CFt9
2_29963	CFt9
2_33320	CFt9
2_41547	CFt9
2_42548	CFt9
2_02745	CFt9
2_03721	CFt9
2_13414	CFt9
2_15124	CFt9
2_18972	CFt9
2_25660	CFt9
2_28759	CFt9
2_25804	CFt9
2_23112	CFt9
2_25114	CFt9
2_28466	CFt9
2_31805	CFt9
2_01575	CFt9
2_01576	CFt9
2_03581	CFt9
2_09211	CFt9
2_14424	CFt9
2_48743	CFt9
2_29554	CFt9
2_03582	CFt9
2_05196	CFt9
2_05422	CFt9
2_05423	CFt9
2_54319	CFt9
2_08617	CFt9
2_34225	CSw1
2_26865	CSw1
2_17042	CSw1
2_20247	CSw1
2_21302	CSw1
2_26866	CSw1
2_28714	CSw1
2_33537	CSw1
2_47242	CSw1
2_50685	CSw1
2_51882	CSw1
2_07684	CSw1
2_19195	CSw1
2_21316	CSw1
2_21317	CSw1
2_27584	CSw1
2_29388	CSw1
2_47499	CSw1
2_49296	CSw1
2_50556	CSw1
2_03398	CSw1
2_23240	CSw1
2_23241	CSw1
2_47454	CSw1
2_17838	CSw1
2_05224	CSw1
2_26679	CSw1
2_04836	CSw1
2_04935	CSw1
2_17727	CSw1
2_19804	CSw1
2_20634	CSw1
2_22127	CSw1
2_23528	CSw1
2_26578	CSw1
1_1013	CSw1
2_12879	CSw1
2_22126	CSw1
2_23527	CSw1
2_26276	CSw1
2_26580	CSw1
2_28094	CSw1
2_33170	CSw1
2_32434	CSw1
2_07364	CSw1
2_08538	CSw1
2_32768	CSw1
2_33120	CSw1
2_42795	CSw1
2_07232	CSw1
2_22167	CSw1
2_24263	CSw1
2_49521	CSw1
2_43938	CSw1
2_16620	CSw1
2_24262	CSw1
2_31705	CSw1
2_45298	CSw1
2_18873	CSw1
2_00434	CSw1
2_32443	CSw1
2_31332	CSw1
2_27087	CSw1
2_05299	CSw1
2_16279	CSw1
2_21894	CSw1
2_19762	CSw1
2_33022	CSw1
2_36889	CSw1
2_33902	CSw1
2_52769	CSw6
2_02389	CSw6
2_04661	CSw6
2_06376	CSw6
2_06378	CSw6
2_09998	CSw6
2_25528	CSw6
2_02391	CSw6
2_02392	CSw6
2_04663	CSw6
2_07501	CSw6
2_07502	CSw6
2_39403	CSw6
2_05619	CSw6
2_09123	CSw6
2_18464	CSw6
2_08787	CSw6
1_0174	CSw6
2_04442	CSw6
2_06251	CSw6
2_06340	CSw6
2_47662	CSw6
2_55420	CSw6
2_12996	CSw6
2_20324	CSw6
2_53629	CSw6
2_09852	CSw6
2_31187	CSw6
2_04451	CSw6
2_06114	CSw6
2_06115	CSw6
2_07817	CSw6
2_10335	CSw6
2_19008	CSw6
2_27636	CSw6
2_27637	CSw6
2_29725	CSw6
2_51776	CSw6
2_52159	CSw6
2_07815	CSw6
2_07814	CSw6
2_07818	CSw6
2_30711	CSw6
2_34496	CSw6
2_25774	CSw6
2_01995	CSw6
2_03065	CSw6
2_03066	CSw6
2_11812	CSw6
2_11813	CSw6
2_11832	CSw6
2_11833	CSw6
2_12133	CSw6
2_12134	CSw6
2_21480	CSw6
2_23657	CSw6
2_25773	CSw6
1_1368	CSw6
2_02065	CSw6
2_04227	CSw6
2_23126	CSw6
2_53897	CSw6
1_0908	CSw6
1_1331	CSw6
2_00622	CSw6
2_03064	CSw6
2_21479	CSw6
2_23658	CSw6
2_24282	CSw6
2_30717	CSw6
2_48938	CSw6
2_50047	CSw6
2_04226	CSw6
2_18429	CSw6
2_19056	CSw6
2_50395	CSw6
2_24281	CSw6
2_33232	CSw6
2_18771	CSw6
2_08068	CSw6
2_08842	CSw6
2_20556	CSw6
2_25558	CSw6
2_27974	CSw6
2_04506	CSw6
2_03223	CSw6
2_05980	CSw6
2_07114	CSw6
2_07514	CSw6
2_07515	CSw6
2_07710	CSw6
2_12684	CSw6
2_13409	CSw6
2_18578	CSw6
2_54827	CSw6
2_08862	CSw6
2_03224	CSw6
2_08047	CSw6
2_08048	CSw6
2_08067	CSw6
2_12685	CSw6
2_15757	CSw6
2_31249	CSw6
2_49588	CSw6
1_1403	CSw6
2_03225	CSw6
2_03227	CSw6
2_07709	CSw6
2_17300	CSw6
2_17301	CSw6
2_32561	CSw6
2_41848	CSw6
2_01527	CSw6
2_00823	CSw6
2_07260	CSw6
2_08863	CSw6
2_14596	CSw6
2_14597	CSw6
2_16890	CSw6
2_16891	CSw6
2_49085	CSw6
2_07407	CSw8
2_23751	CSw8
2_23752	CSw8
2_28910	CSw8
2_15748	CSw8
2_13422	CSw8
2_03460	CSw8
2_10193	CSw8
2_18742	CSw8
2_21382	CSw8
2_13126	CSw8
2_13123	CSw8
2_13125	CSw8
2_00195	CSw8
2_00196	CSw8
2_24390	CSw8
2_27144	CSw8
2_28964	CSw8
2_06501	CSw8
2_17083	CSw8
2_20657	CSw8
2_30420	CSw8
2_31143	CSw8
2_17455	CSw8
2_03351	CSw8
2_08710	CSw8
2_16094	CSw8
2_16098	CSw8
2_21579	CSw8
2_21580	CSw8
2_26203	CSw8
2_29868	CSw8
2_30210	CSw8
2_45363	CSw8
2_49707	CSw8
2_03096	CSw8
2_06970	CSw8
2_13124	CSw8
2_01221	CSw8
2_01222	CSw8
2_08222	CSw8
2_08223	CSw8
2_18537	CSw8
2_24388	CSw8
2_24389	CSw8
2_17171	CSw8
2_01223	CSw8
2_04108	CSw8
2_04618	CSw8
2_04619	CSw8
2_14521	CSw8
2_00522	CSw8
2_03094	CSw8
2_14523	CSw8
2_25890	CSw8
2_26202	CSw8
2_03097	CSw8
2_06971	CSw8
2_16232	CSw8
2_18744	CSw8
2_19659	CSw8
2_25624	CSw8
2_30231	CSw8
2_34415	CSw8
2_30178	CSw8
2_17085	CSw8
2_04111	CSw8
2_05809	CSw8
2_22895	CSw8
2_45201	CSw8
1_0165	CSw8
2_02568	CSw8
2_23402	CSw8
2_02243	CSw8
2_02644	CSw8
2_12563	CSw8
2_31853	CSw8
2_48889	CSw8
2_09764	CSw8
2_15768	CSw8
2_27927	CSw8
2_36269	CSw8
2_05584	CSw8
2_05585	CSw8
2_16512	CSw8
2_17217	CSw8
2_18965	CSw8
2_02645	CSw8
2_12564	CSw8
2_12565	CSw8
2_34252	CSw8
2_21200	CSw8
2_01476	CSw8
2_01477	CSw8
2_23299	CSw8
2_12742	CSw8
2_21201	CSw8
2_24653	CSw8
1_0004	CSw8
2_20056	CSw8
2_20057	CSw8
2_32728	CSw8
2_15443	CSw8
2_17605	CSw8
2_18509	CSw8
2_54221	CSw8
2_54350	CSw8
2_14129	CSw8
2_38444	CSw8
2_14644	CSw8
2_14969	CSw8
2_23362	CSw8
2_25158	CSw8
2_14646	CSw8
2_23361	CSw8
1_0374	CSw8
2_19694	CSw8
2_20561	CSw8
2_22501	CSw8
2_37195	CSw8
2_31393	CSw8
2_19695	CSw8
2_22112	CSw8
1_0733	CSw8
2_18215	CSw8
2_21414	CSw8
2_22005	CSw8
2_47512	CSw8
2_12611	CSw8
2_29186	CSw8
2_03258	CSw8
2_31768	CSw8
2_54082	CSw8
2_00199	CSw8
2_03259	CSw8
2_21539	CSw8
2_48370	CSw8
2_00202	CSw8
2_00203	CSw8
2_21595	CSw8
2_27116	CSw8
2_00200	CSw8
2_13737	CSw8
2_23753	CSw8
2_29525	CSw8
2_29527	CSw8
1_1130	CSw8
2_13150	CSw8
2_13738	CSw8
2_13739	CSw8
2_39982	CSw8
2_51934	CSw8
2_22306	CPodl3
2_22307	CPodl3
2_15494	CPodl3
2_15500	CPodl3
2_19360	CPodl3
2_18801	CPodl3
2_52726	CPodl3
2_49508	CPodl3
2_14438	CPodl8
2_21396	CPodl8
2_29036	CPodl8
2_30769	CPodl8
2_12063	CPodl8
2_14435	CPodl8
2_22768	CPodl8
2_16570	CPodl8
2_30306	CPodl8
2_42286	CPodl8
2_16619	CPodl8
2_24234	CPodl8
2_13870	CPodl8
2_08511	CPodl8
2_10770	CPodl8
2_10771	CPodl8
2_12157	CPodl8
2_16036	CPodl8
2_16400	CPodl8
2_17571	CPodl8
2_18314	CPodl8
2_20166	CPodl8
2_22824	CPodl8
2_30273	CPodl8
2_30274	CPodl8
2_30275	CPodl8
2_32261	CPodl8
2_32668	CPodl8
2_50856	CPodl8
2_54941	CPodl8
2_03833	CPodl8
2_06625	CPodl8
2_13813	CPodl8
2_13814	CPodl8
2_14339	CPodl8
2_15899	CPodl8
2_19712	CPodl8
2_19713	CPodl8
2_32145	CPodl8
2_44386	CPodl8
2_30179	CPodl8
2_17570	CPodl8
2_42797	CPodl8
2_06886	CPodl8
2_08510	CPodl8
2_16091	CPodl8
2_16092	CPodl8
2_16645	CPodl8
2_16646	CPodl8
2_23864	CPodl8
2_26899	CPodl8
2_32508	CPodl8
2_48646	CPodl8
2_51551	CPodl8
2_51704	CPodl8
2_00897	CPodl8
2_04752	CPodl8
2_15898	CPodl8
2_15926	CPodl8
2_19433	CPodl8
2_32246	CPodl8
2_22823	CPodl8
2_30180	CPodl8
2_19341	CPodl8
2_21039	CPodl8
2_25094	CPodl8
2_01521	CPodl8
2_01522	CPodl8
2_11830	CPodl8
2_11831	CPodl8
2_22575	CPodl8
2_22576	CPodl8
2_33358	CPodl8
2_40247	CPodl8
2_07407	CPodl8
2_23751	CPodl8
2_23752	CPodl8
2_28910	CPodl8
2_15748	CPodl8
2_13422	CPodl8
2_03460	CPodl8
2_10193	CPodl8
2_18742	CPodl8
2_21382	CPodl8
2_13126	CPodl8
2_13123	CPodl8
2_13125	CPodl8
2_00195	CPodl8
2_00196	CPodl8
2_24390	CPodl8
2_27144	CPodl8
2_28964	CPodl8
2_06501	CPodl8
2_17083	CPodl8
2_20657	CPodl8
2_30420	CPodl8
2_31143	CPodl8
2_17455	CPodl8
2_03351	CPodl8
2_08710	CPodl8
2_16094	CPodl8
2_16098	CPodl8
2_21579	CPodl8
2_21580	CPodl8
2_26203	CPodl8
2_29868	CPodl8
2_30210	CPodl8
2_45363	CPodl8
2_49707	CPodl8
2_03096	CPodl8
2_06970	CPodl8
2_13124	CPodl8
2_01221	CPodl8
2_01222	CPodl8
2_08222	CPodl8
2_08223	CPodl8
2_18537	CPodl8
2_24388	CPodl8
2_24389	CPodl8
2_17171	CPodl8
2_01223	CPodl8
2_04108	CPodl8
2_04618	CPodl8
2_04619	CPodl8
2_14521	CPodl8
2_00522	CPodl8
2_03094	CPodl8
2_14523	CPodl8
2_25890	CPodl8
2_26202	CPodl8
2_03097	CPodl8
2_06971	CPodl8
2_16232	CPodl8
2_18744	CPodl8
2_19659	CPodl8
2_25624	CPodl8
2_30231	CPodl8
2_34415	CPodl8
2_30178	CPodl8
2_17085	CPodl8
2_04111	CPodl8
2_05809	CPodl8
2_22895	CPodl8
2_45201	CPodl8
1_0165	CPodl8
2_02568	CPodl8
2_23402	CPodl8
2_02243	CPodl8
2_02644	CPodl8
2_12563	CPodl8
2_31853	CPodl8
2_48889	CPodl8
2_09764	CPodl8
2_15768	CPodl8
2_27927	CPodl8
2_36269	CPodl8
2_05584	CPodl8
2_05585	CPodl8
2_16512	CPodl8
2_17217	CPodl8
2_18965	CPodl8
2_02645	CPodl8
2_12564	CPodl8
2_12565	CPodl8
2_34252	CPodl8
2_21200	CPodl8
2_01476	CPodl8
2_01477	CPodl8
2_23299	CPodl8
2_12742	CPodl8
2_21201	CPodl8
2_24653	CPodl8
1_0004	CPodl8
2_20056	CPodl8
2_20057	CPodl8
2_32728	CPodl8
2_15443	CPodl8
2_17605	CPodl8
2_18509	CPodl8
2_54221	CPodl8
2_54350	CPodl8
2_14129	CPodl8
2_38444	CPodl8
2_14644	CPodl8
2_14969	CPodl8
2_23362	CPodl8
2_25158	CPodl8
2_14646	CPodl8
2_23361	CPodl8
1_0374	CPodl8
2_19694	CPodl8
2_20561	CPodl8
2_22501	CPodl8
2_37195	CPodl8
2_31393	CPodl8
2_19695	CPodl8
2_22112	CPodl8
1_0733	CPodl8
2_18215	CPodl8
2_21414	CPodl8
2_22005	CPodl8
2_47512	CPodl8
2_12611	CPodl8
2_29186	CPodl8
2_03258	CPodl8
2_31768	CPodl8
2_54082	CPodl8
2_00199	CPodl8
2_03259	CPodl8
2_21539	CPodl8
2_48370	CPodl8
2_00202	CPodl8
2_00203	CPodl8
2_21595	CPodl8
2_27116	CPodl8
2_00200	CPodl8
2_13737	CPodl8
2_23753	CPodl8
2_29525	CPodl8
2_29527	CPodl8
1_1130	CPodl8
2_13150	CPodl8
2_13738	CPodl8
2_13739	CPodl8
2_39982	CPodl8
2_51934	CPodl8
2_00195	CLl8
2_00196	CLl8
2_24390	CLl8
2_27144	CLl8
2_28964	CLl8
2_06501	CLl8
2_17083	CLl8
2_20657	CLl8
2_30420	CLl8
2_31143	CLl8
2_17455	CLl8
2_03351	CLl8
2_08710	CLl8
2_16094	CLl8
2_16098	CLl8
2_21579	CLl8
2_21580	CLl8
2_26203	CLl8
2_29868	CLl8
2_30210	CLl8
2_45363	CLl8
2_49707	CLl8
2_03096	CLl8
2_06970	CLl8
2_13124	CLl8
2_01221	CLl8
2_01222	CLl8
2_08222	CLl8
2_08223	CLl8
2_18537	CLl8
2_24388	CLl8
2_24389	CLl8
2_17171	CLl8
2_01223	CLl8
2_04108	CLl8
2_04618	CLl8
2_04619	CLl8
2_14521	CLl8
2_00522	CLl8
2_03094	CLl8
2_14523	CLl8
2_25890	CLl8
2_26202	CLl8
2_03097	CLl8
2_06971	CLl8
2_16232	CLl8
2_18744	CLl8
2_19659	CLl8
2_25624	CLl8
2_30231	CLl8
2_34415	CLl8
2_30178	CLl8
2_17085	CLl8
2_04111	CLl8
2_05809	CLl8
2_22895	CLl8
2_45201	CLl8
1_0165	CLl8
2_02568	CLl8
2_23402	CLl8
2_02243	CLl8
2_02644	CLl8
2_12563	CLl8
2_31853	CLl8
2_48889	CLl8
2_09764	CLl8
2_15768	CLl8
2_27927	CLl8
2_36269	CLl8
2_05584	CLl8
2_05585	CLl8
2_16512	CLl8
2_17217	CLl8
2_18965	CLl8
2_02645	CLl8
2_12564	CLl8
2_12565	CLl8
2_34252	CLl8
2_21200	CLl8
2_01476	CLl8
2_01477	CLl8
2_23299	CLl8
2_12742	CLl8
2_21201	CLl8
2_24653	CLl8
1_0004	CLl8
2_20056	CLl8
2_20057	CLl8
2_32728	CLl8
2_15443	CLl8
2_17605	CLl8
2_18509	CLl8
2_54221	CLl8
2_54350	CLl8
2_14129	CLl8
2_38444	CLl8
2_14644	CLl8
2_14969	CLl8
2_23362	CLl8
2_25158	CLl8
2_14646	CLl8
2_23361	CLl8
1_0374	CLl8
2_19694	CLl8
2_20561	CLl8
2_22501	CLl8
2_37195	CLl8
2_31393	CLl8
2_19695	CLl8
2_22112	CLl8
2_30138	CLw1
2_11406	CLw1
2_28827	CLw1
2_27028	CLw1
2_22648	CLw1
2_10963	CLw1
2_22649	CLw1
2_22810	CLw1
2_28021	CLw1
2_51157	CLw1
2_52301	CLw1
2_16481	CLw1
2_19449	CLw1
2_29056	CLw1
2_34243	CLw1
2_54774	CLw1
2_06236	CLw1
2_12933	CLw1
2_07235	CLw1
2_09158	CLw1
2_09157	CLw1
2_24948	CLw1
2_18359	CLw1
2_28927	CLw1
2_34754	CLw1
2_11763	CLw1
2_15133	CLw1
2_37264	CLw1
2_00939	CLw1
2_00940	CLw1
2_30956	CLw1
2_19941	CLw1
2_05997	CLw1
2_11111	CLw1
2_11112	CLw1
2_14280	CLw1
2_19086	CLw1
2_27896	CLw1
2_53431	CLw1
2_05998	CLw1
2_12430	CLw1
2_16353	CLw1
2_27893	CLw1
2_46692	CLw1
2_54751	CLw1
2_55430	CLw1
1_0678	CLw1
2_19303	CLw1
2_08420	CLw1
2_18604	CLw1
2_19714	CLw1
2_00297	CLw1
2_00296	CLw1
2_15105	CLw1
2_53254	CLw1
2_21936	CLw1
2_23003	CLw1
2_20407	CLw1
2_21937	CLw1
2_46935	CLw1
2_34229	CLw1
2_13529	CLw1
2_29450	CLw1
2_52032	CLw1
2_21697	CLw1
2_21698	CLw1
2_41147	CLw1
2_04147	CLw1
2_22809	CLw1
2_30091	CLw1
2_33321	CLw1
2_49965	CLw1
2_54799	CLw1
2_06604	CLw1
2_06602	CLw1
2_15633	CLw1
2_21640	CLw1
2_21641	CLw1
2_22483	CLw1
2_50979	CLw1
2_27170	CLw1
2_30913	CLw1
2_32154	CLw1
2_15682	CLw1
2_15683	CLw1
2_44554	CLw1
2_49062	CLw1
2_18422	CLw1
2_33558	CLw1
2_12584	CLw1
2_16200	CLw1
2_29177	CLw1
2_54374	CLw1
2_01542	CLw1
2_07038	CLw1
2_30139	CLw1
2_33158	CLw1
2_51530	CLw1
2_03528	CLw1
2_06347	CLw1
2_18107	CLw1
2_25985	CLw1
2_25986	CLw1
2_28145	CLw1
2_33245	CLw1
2_36745	CLw1
2_36746	CLw1
2_17511	CLw1
2_27322	CLw1
2_27323	CLw1
2_50960	CLw1
2_24537	CLw1
2_08207	CLw1
2_27019	CLw1
2_27021	CLw1
2_27767	CLw1
2_20119	CLw1
2_27077	CLw1
2_27615	CLw1
2_36751	CLw1
2_53203	CLw1
2_16085	CLw1
2_10635	CLw1
2_20261	CLw1
2_29902	CLw1
2_37060	CLw1
2_38852	CLw1
2_16748	CLw1
2_22188	CLw1
2_34225	CLw1
2_26865	CLw1
2_17042	CLw1
2_20247	CLw1
2_21302	CLw1
2_26866	CLw1
2_28714	CLw1
2_33537	CLw1
2_47242	CLw1
2_50685	CLw1
2_51882	CLw1
2_07684	CLw1
2_19195	CLw1
2_21316	CLw1
2_21317	CLw1
2_27584	CLw1
2_29388	CLw1
2_47499	CLw1
2_49296	CLw1
2_50556	CLw1
2_03398	CLw1
2_23240	CLw1
2_23241	CLw1
2_47454	CLw1
2_17838	CLw1
2_05224	CLw1
2_26679	CLw1
2_04836	CLw1
2_04935	CLw1
2_17727	CLw1
2_19804	CLw1
2_20634	CLw1
2_22127	CLw1
2_23528	CLw1
2_26578	CLw1
1_1013	CLw1
2_12879	CLw1
2_22126	CLw1
2_23527	CLw1
2_26276	CLw1
2_26580	CLw1
2_28094	CLw1
2_33170	CLw1
2_32434	CLw1
2_07364	CLw1
2_08538	CLw1
2_32768	CLw1
2_33120	CLw1
2_42795	CLw1
2_07232	CLw1
2_22167	CLw1
2_24263	CLw1
2_49521	CLw1
2_43938	CLw1
2_16620	CLw1
2_24262	CLw1
2_31705	CLw1
2_45298	CLw1
2_18873	CLw1
2_00434	CLw1
2_32443	CLw1
2_31332	CLw1
2_27087	CLw1
2_05299	CLw1
2_16279	CLw1
2_21894	CLw1
2_19762	CLw1
2_33022	CLw1
2_36889	CLw1
2_33902	CLw1
2_15748	CLw8
2_13422	CLw8
2_03460	CLw8
2_10193	CLw8
2_18742	CLw8
2_21382	CLw8
2_13126	CLw8
2_13123	CLw8
2_13125	CLw8
2_00195	CLw8
2_00196	CLw8
2_24390	CLw8
2_27144	CLw8
2_28964	CLw8
2_06501	CLw8
2_17083	CLw8
2_20657	CLw8
2_30420	CLw8
2_31143	CLw8
2_17455	CLw8
2_03351	CLw8
2_08710	CLw8
2_16094	CLw8
2_16098	CLw8
2_21579	CLw8
2_21580	CLw8
2_26203	CLw8
2_29868	CLw8
2_30210	CLw8
2_45363	CLw8
2_49707	CLw8
2_03096	CLw8
2_06970	CLw8
2_13124	CLw8
2_01221	CLw8
2_01222	CLw8
2_08222	CLw8
2_08223	CLw8
2_18537	CLw8
2_24388	CLw8
2_24389	CLw8
2_17171	CLw8
2_01223	CLw8
2_04108	CLw8
2_04618	CLw8
2_04619	CLw8
2_14521	CLw8
2_00522	CLw8
2_03094	CLw8
2_14523	CLw8
2_25890	CLw8
2_26202	CLw8
2_03097	CLw8
2_06971	CLw8
2_16232	CLw8
2_18744	CLw8
2_19659	CLw8
2_25624	CLw8
2_30231	CLw8
2_34415	CLw8
2_30178	CLw8
2_17085	CLw8
2_04111	CLw8
2_05809	CLw8
2_22895	CLw8
2_45201	CLw8
1_0165	CLw8
2_02568	CLw8
2_23402	CLw8
2_02243	CLw8
2_02644	CLw8
2_12563	CLw8
2_31853	CLw8
2_48889	CLw8
2_09764	CLw8
2_15768	CLw8
2_27927	CLw8
2_36269	CLw8
2_05584	CLw8
2_05585	CLw8
2_16512	CLw8
2_17217	CLw8
2_18965	CLw8
2_02645	CLw8
2_12564	CLw8
2_12565	CLw8
2_34252	CLw8
2_21200	CLw8
2_01476	CLw8
2_01477	CLw8
2_23299	CLw8
2_12742	CLw8
2_21201	CLw8
2_24653	CLw8
1_0004	CLw8
2_20056	CLw8
2_20057	CLw8
2_32728	CLw8
2_15443	CLw8
2_17605	CLw8
2_18509	CLw8
2_54221	CLw8
2_54350	CLw8
2_20642	CSp5
2_07573	CSp5
2_17353	CSp5
2_17912	CSp5
2_17914	CSp5
2_22018	CSp5
2_47655	CSp5
2_21890	CSp5
2_32416	CSp5
2_11774	CSp5
2_06488	CSp5
2_07574	CSp5
2_17913	CSp5
2_19234	CSp5
2_21891	CSp5
2_30465	CSp5
2_30466	CSp5
2_02462	CSp5
2_03644	CSp5
2_03645	CSp5
2_23836	CSp5
2_47260	CSp5
2_01044	CSp5
2_07393	CSp5
2_14406	CSp5
2_12440	CSp5
2_47914	CSp9
2_44245	CSp9
2_22038	CSp9
2_10720	CSp9
2_14698	CSp9
2_22586	CSp9
2_06811	CSp9
2_33291	CSp9
2_40926	CSp9
2_13932	CSp9
2_00736	CSp9
2_02888	CSp9
2_05193	CSp9
2_10254	CSp9
2_13326	CSp9
2_13696	CSp9
2_19709	CSp9
2_24137	CSp9
2_39575	CSp9
2_39979	CSp9
2_49148	CSp9
2_55044	CSp9
2_19332	CSp9
2_00735	CSp9
2_00737	CSp9
2_00738	CSp9
2_02887	CSp9
2_05106	CSp9
2_05194	CSp9
2_13325	CSp9
2_24138	CSp9
2_26661	CSp9
2_26662	CSp9
2_29515	CSp9
2_03006	CSp9
2_03007	CSp9
2_09086	CSp9
2_16050	CSp9
2_23839	CSp9
2_25345	CSp9
2_31268	CSp9
2_39885	CSp9
2_50093	CSp9
2_54727	CSp9
