Illumina_SNP	KBio_SNP
1_0001	7229_909
1_0002	16419_1154
1_0003	8572_359
1_0004	12671_571
1_0006	6712_689
1_0007	2241_298
1_0008	6430_319
1_0009	9301_1190
1_0010	4749_1972
1_0012	9508_1241
1_0013	6823_431
1_0014	4_414
1_0015	5570_607
1_0016	38_239
1_0017	8597_316
1_0018	2330_167
1_0019	17584_1172
1_0020	16764_416
1_0021	1296_808
1_0022	12119_480
1_0023	6595_480
1_0024	4794_569
1_0025	291_1311
1_0026	11233_1096
1_0027	3683_549
1_0029	1765_516
1_0031	10331_516
1_0032	5294_469
1_0033	12991_691
1_0034	642_527
1_0035	7565_739
1_0036	17464_531
1_0037	1800_299
1_0038	5652_704
1_0039	16512_204
1_0040	7344_500
1_0041	12703_553
1_0042	4485_541
1_0043	5031_483
1_0044	729_578
1_0045	6289_1203
1_0047	998_587
1_0049	12551_360
1_0050	15041_479
1_0051	5656_680
1_0052	12959_58
1_0053	12363_196
1_0054	1908_293
1_0055	4980_497
1_0056	4319_171
1_0057	14855_248
1_0058	5135_477
1_0059	967_118
1_0060	2870_790
1_0061	2178_530
1_0062	6012_153
1_0064	968_539
1_0065	3833_373
1_0066	11470_272
1_0067	160_421
1_0068	11557_405
1_0069	5449_242
1_0071	14267_3179
1_0072	14542_452
1_0074	9673_1553
1_0075	14030_764
1_0077	4742_802
1_0078	8943_1609
1_0079	7213_319
1_0080	2084_227
1_0081	11854_589
1_0082	13873_544
1_0083	11677_87
1_0084	2532_465
1_0085	5553_147
1_0086	13786_529
1_0087	66_145
1_0088	624_136
1_0089	4536_221
1_0090	6773_453
1_0091	16562_1753
1_0092	515_426
1_0093	9207_2477
1_0094	16832_360
1_0095	13063_1329
1_0096	7507_764
1_0097	6785_683
1_0099	13849_2039
1_0100	12929_463
1_0101	31_159
1_0102	1003_1507
1_0103	17189_1129
1_0104	8128_663
1_0105	10000_1243
1_0106	8625_1231
1_0107	7310_128
1_0108	7326_591
1_0109	13814_551
1_0110	17107_475
1_0111	16222_633
1_0112	3783_336
1_0113	4836_807
1_0116	11043_1347
1_0117	7438_464
1_0120	395_895
1_0122	1101_164
1_0123	3029_282
1_0124	14784_1653
1_0125	734_340
1_0126	11622_232
1_0127	14769_1746
1_0128	897_240
1_0129	14164_1877
1_0130	1545_161
1_0131	8552_819
1_0132	4028_303
1_0133	16239_889
1_0134	3494_143
1_0136	15534_890
1_0137	3958_104
1_0139	13402_898
1_0140	1283_371
1_0141	15637_1357
1_0142	13342_813
1_0143	12712_158
1_0144	17248_1463
1_0145	3252_359
1_0146	8495_414
1_0147	1840_54
1_0148	13764_285
1_0150	6422_178
1_0151	5493_469
1_0153	14462_1712
1_0154	11564_339
1_0155	474_351
1_0157	2339_52
1_0158	1989_448
1_0160	15791_1130
1_0161	7810_1226
1_0164	3044_1453
1_0165	12023_173
1_0167	13824_522
1_0168	5898_452
1_0169	1366_307
1_0170	11416_506
1_0171	15305_818
1_0172	1830_1289
1_0173	14761_169
1_0174	279_179
1_0175	12172_749
1_0176	4659_393
1_0178	7436_791
1_0179	15420_1651
1_0180	16566_353
1_0181	3376_1039
1_0183	12905_686
1_0184	2783_207
1_0185	2591_569
1_0186	14606_397
1_0187	1932_148
1_0188	1601_410
1_0190	16480_663
1_0191	16020_975
1_0192	519_256
1_0193	7157_702
1_0194	4165_638
1_0195	5380_740
1_0196	17513_514
1_0197	14056_564
1_0198	16149_1213
1_0199	7906_1032
1_0200	2027_326
1_0201	6037_891
1_0202	2445_213
1_0203	307_106
1_0205	7942_764
1_0206	4702_954
1_0207	3767_1093
1_0208	13975_266
1_0209	9487_993
1_0210	8511_269
1_0211	3410_208
1_0212	8255_482
1_0213	12126_561
1_0214	470_722
1_0215	10480_616
1_0216	2841_336
1_0217	699_429
1_0219	13970_462
1_0220	14726_459
1_0221	13104_2792
1_0222	4892_514
1_0223	620_594
1_0224	7383_1042
1_0225	17370_411
1_0226	1980_886
1_0227	3287_817
1_0228	15334_384
1_0229	708_159
1_0230	10136_479
1_0231	13180_590
1_0232	529_170
1_0233	7054_864
1_0234	15225_388
1_0235	439_560
1_0236	15261_483
1_0237	152_447
1_0238	9631_441
1_0239	4237_650
1_0240	1855_516
1_0241	2181_554
1_0242	1519_144
1_0243	10216_370
1_0244	7721_2934
1_0246	7662_1108
1_0247	10522_395
1_0248	17450_1553
1_0249	6182_334
1_0250	10774_696
1_0251	16043_314
1_0252	370_581
1_0253	5026_672
1_0255	11303_254
1_0256	10905_418
1_0257	14328_664
1_0259	9297_737
1_0260	14696_585
1_0261	8193_441
1_0262	11028_734
1_0264	4200_155
1_0265	17198_1383
1_0266	13652_572
1_0267	14389_334
1_0268	12539_544
1_0270	12553_1026
1_0271	13156_242
1_0273	4118_113
1_0274	1192_264
1_0275	8675_239
1_0276	1339_101
1_0277	14508_128
1_0278	4346_936
1_0279	5692_1408
1_0280	14929_258
1_0281	12439_253
1_0282	6205_632
1_0284	411_247
1_0285	6722_675
1_0287	16146_382
1_0288	8333_664
1_0290	13987_174
1_0292	8121_1880
1_0294	4015_667
1_0295	3838_830
1_0296	13280_736
1_0297	6943_1560
1_0298	15875_801
1_0299	12925_1154
1_0300	9604_565
1_0301	10171_260
1_0302	289_278
1_0303	17547_561
1_0304	13386_815
1_0306	1936_545
1_0307	12261_1773
1_0308	2535_666
1_0312	5149_220
1_0314	10856_554
1_0317	15783_1176
1_0318	2901_467
1_0319	6796_936
1_0320	5735_110
1_0321	1055_390
1_0322	14825_288
1_0323	8969_1386
1_0324	11615_2678
1_0326	3098_224
1_0328	1562_796
1_0329	8001_646
1_0330	3763_535
1_0331	577_262
1_0332	4926_654
1_0333	571_592
1_0335	10603_538
1_0337	16914_262
1_0338	7953_664
1_0339	6202_579
1_0341	5993_278
1_0342	11737_146
1_0344	9175_1561
1_0345	5435_569
1_0346	8305_456
1_0347	1704_157
1_0348	2671_157
1_0349	8605_2122
1_0351	17067_979
1_0352	10609_488
1_0353	6130_418
1_0354	15786_379
1_0355	3553_1637
1_0356	1653_181
1_0357	25_592
1_0358	8197_1687
1_0359	12059_853
1_0362	7446_365
1_0365	684_540
1_0367	7204_1244
1_0368	10917_296
1_0369	10384_1814
1_0370	11585_1881
1_0371	9269_1463
1_0373	4648_194
1_0374	6237_608
1_0377	15656_1796
1_0379	10120_329
1_0380	616_296
1_0381	12501_343
1_0382	6867_337
1_0383	6904_1061
1_0385	6743_693
1_0386	12601_643
1_0387	14814_511
1_0388	3291_316
1_0389	924_917
1_0391	1520_597
1_0392	11558_901
1_0394	8406_1450
1_0395	3416_684
1_0396	1204_901
1_0397	483_1152
1_0398	8516_1276
1_0399	14728_1130
1_0400	13864_1798
1_0401	12029_2782
1_0402	2242_561
1_0403	4774_665
1_0404	8645_1960
1_0405	14699_359
1_0407	7281_555
1_0410	4146_1588
1_0414	4712_832
1_0415	5069_298
1_0417	16365_726
1_0419	13709_659
1_0420	16326_1034
1_0421	5137_1051
1_0422	8643_618
1_0424	7355_1493
1_0425	7518_1119
1_0429	6088_257
1_0430	16200_824
1_0431	1823_604
1_0432	1208_173
1_0435	394_316
1_0436	16139_2530
1_0437	6410_648
1_0438	3803_763
1_0439	13872_1420
1_0440	3166_353
1_0442	8433_82
1_0443	9397_1211
1_0444	6300_1109
1_0445	420_334
1_0446	9013_1709
1_0447	3939_496
1_0448	12731_670
1_0449	5074_629
1_0451	5552_536
1_0452	1004_587
1_0453	365_636
1_0456	2707_419
1_0457	4306_482
1_0458	7629_357
1_0459	1743_247
1_0460	15455_519
1_0464	15090_214
1_0465	10378_737
1_0469	3404_635
1_0471	9852_1452
1_0473	3037_209
1_0474	122_468
1_0475	1614_648
1_0476	3515_775
1_0477	1285_722
1_0478	16398_609
1_0480	1438_458
1_0481	9880_545
1_0482	5257_576
1_0483	5283_1101
1_0484	5572_554
1_0485	6234_452
1_0486	11266_52
1_0487	2786_335
1_0488	13662_830
1_0489	10811_937
1_0491	17470_1129
1_0492	458_1330
1_0493	5594_574
1_0494	872_529
1_0495	13252_298
1_0496	15129_553
1_0498	6064_645
1_0499	303_541
1_0500	584_437
1_0501	1112_293
1_0502	5268_412
1_0503	5838_1265
1_0504	14303_873
1_0506	15039_866
1_0507	14965_280
1_0508	15966_450
1_0510	534_355
1_0511	85_621
1_0512	15624_917
1_0513	12041_453
1_0514	4692_429
1_0517	15100_1122
1_0519	14702_888
1_0520	11428_210
1_0522	5270_452
1_0524	2918_753
1_0525	3427_925
1_0527	16588_79
1_0529	5241_635
1_0530	11961_645
1_0531	16059_1385
1_0532	15152_845
1_0534	10517_1362
1_0535	1808_342
1_0536	13321_127
1_0537	1418_689
1_0538	8446_615
1_0539	15183_436
1_0540	5084_519
1_0541	13222_1855
1_0542	16007_333
1_0543	14952_203
1_0544	15537_269
1_0545	505_425
1_0546	15015_1488
1_0547	13551_722
1_0550	8267_687
1_0551	14514_1017
1_0552	6473_550
1_0553	12293_447
1_0554	15288_527
1_0557	651_116
1_0558	9403_1642
1_0559	15113_1068
1_0561	6793_690
1_0562	8773_584
1_0563	543_683
1_0564	7479_540
1_0565	14127_478
1_0566	8422_236
1_0567	15054_315
1_0568	15266_407
1_0569	13372_2081
1_0571	17023_955
1_0573	4642_568
1_0574	2391_614
1_0575	14004_1429
1_0576	13506_333
1_0578	10673_268
1_0579	7993_539
1_0583	2568_680
1_0585	8954_481
1_0586	3565_788
1_0588	909_511
1_0589	8190_327
1_0591	14647_2332
1_0594	10650_1563
1_0595	9895_292
1_0598	15204_1803
1_0599	11764_552
1_0601	13832_269
1_0603	10887_2158
1_0604	8931_508
1_0605	6663_368
1_0606	2677_878
1_0608	4196_1144
1_0611	5478_90
1_0614	12229_437
1_0616	17398_760
1_0617	14171_104
1_0618	15616_500
1_0619	11307_208
1_0620	1273_246
1_0621	247_260
1_0624	6046_661
1_0625	3885_1019
1_0626	12308_1447
1_0628	14664_475
1_0629	5933_664
1_0630	3841_598
1_0631	16340_829
1_0633	12105_204
1_0634	8759_1516
1_0635	17102_964
1_0636	14176_605
1_0637	13158_564
1_0639	8383_313
1_0640	2077_348
1_0641	7664_620
1_0642	6673_1242
1_0643	13005_643
1_0644	9913_451
1_0645	5210_884
1_0646	12854_535
1_0647	9815_2051
1_0648	1560_461
1_0649	10969_452
1_0650	6844_144
1_0651	7448_480
1_0652	1278_268
1_0654	2326_226
1_0655	16483_376
1_0656	2925_277
1_0657	5400_164
1_0658	14038_1704
1_0659	11039_801
1_0660	7233_543
1_0661	7342_880
1_0662	8987_572
1_0663	8210_609
1_0664	2801_423
1_0665	5370_1551
1_0666	4160_168
1_0667	17565_1662
1_0668	842_788
1_0670	13326_949
1_0671	12196_404
1_0672	15899_561
1_0673	5175_974
1_0674	15643_622
1_0675	4391_842
1_0676	16096_655
1_0677	5448_461
1_0678	13269_270
1_0679	14714_840
1_0680	11097_1164
1_0681	5314_567
1_0682	6298_548
1_0683	3850_162
1_0684	9886_761
1_0686	1114_452
1_0687	2239_1136
1_0688	10530_1801
1_0690	361_520
1_0691	2227_693
1_0692	8273_1205
1_0693	9194_298
1_0694	11515_820
1_0695	14731_1664
1_0696	1567_1336
1_0698	7857_1368
1_0699	8166_564
1_0701	6065_457
1_0702	657_1278
1_0703	13848_735
1_0704	84_329
1_0706	10738_1400
1_0708	11431_885
1_0709	10288_378
1_0711	234_249
1_0712	15764_405
1_0713	6247_659
1_0716	2922_612
1_0718	7459_2176
1_0719	4778_497
1_0720	9488_962
1_0721	5009_430
1_0722	13842_975
1_0723	1709_334
1_0724	4797_687
1_0725	16803_343
1_0726	12526_795
1_0727	187_990
1_0728	5698_563
1_0730	452_644
1_0731	13563_863
1_0732	14610_202
1_0733	5295_403
1_0734	8770_1480
1_0736	2612_941
1_0737	7702_1892
1_0739	2785_481
1_0740	7087_1100
1_0741	4273_342
1_0742	1889_517
1_0746	8421_1534
1_0747	1592_552
1_0748	16462_1286
1_0749	13772_1075
1_0750	1054_714
1_0751	6688_98
1_0752	17133_1134
1_0753	6235_827
1_0754	10780_756
1_0755	11279_1737
1_0756	14622_2490
1_0757	11783_1366
1_0758	15458_507
1_0759	4533_841
1_0760	4780_374
1_0761	13187_984
1_0762	1912_1062
1_0763	12037_561
1_0765	3672_444
1_0769	939_839
1_0770	9600_1308
1_0771	311_1536
1_0772	7713_1069
1_0773	5429_311
1_0774	16646_118
1_0775	11367_1228
1_0776	16884_1046
1_0779	17156_1497
1_0780	13391_1346
1_0782	1181_710
1_0784	9432_1340
1_0785	9415_418
1_0787	11683_874
1_0788	17345_107
1_0789	6897_943
1_0790	7205_420
1_0791	12942_1960
1_0792	11514_619
1_0794	2654_65
1_0795	16431_202
1_0797	3194_319
1_0800	17059_478
1_0801	16733_1320
1_0802	16404_1525
1_0803	10179_1555
1_0804	12933_387
1_0805	4100_717
1_0806	1780_1221
1_0807	2373_538
1_0811	7627_617
1_0812	11_533
1_0813	2997_519
1_0815	1850_447
1_0816	12176_1368
1_0817	13294_282
1_0818	15787_1288
1_0819	1799_940
1_0820	12766_111
1_0823	14783_181
1_0824	4558_472
1_0825	8438_669
1_0826	9147_1655
1_0827	15398_414
1_0829	2046_754
1_0830	17588_963
1_0831	10314_1584
1_0832	9283_1408
1_0833	2102_556
1_0834	8123_228
1_0835	9948_439
1_0837	9521_957
1_0838	4403_1123
1_0839	5158_728
1_0840	2597_339
1_0842	1623_259
1_0843	4508_90
1_0844	2359_557
1_0847	8899_1022
1_0853	4270_135
1_0854	4953_737
1_0855	8207_415
1_0856	6621_835
1_0857	658_460
1_0858	4511_908
1_0859	7178_461
1_0860	131_524
1_0861	11770_1166
1_0862	16011_113
1_0864	13586_1058
1_0865	10630_719
1_0866	1052_1064
1_0867	8952_1002
1_0871	3910_971
1_0872	8905_1569
1_0874	7102_965
1_0875	2314_546
1_0876	8777_825
1_0877	8856_992
1_0878	8217_595
1_0880	14353_909
1_0881	17242_571
1_0882	3485_771
1_0883	3896_618
1_0884	9263_376
1_0885	13747_573
1_0886	4116_1358
1_0888	13553_1085
1_0889	9356_1850
1_0890	1312_646
1_0891	13750_302
1_0892	5604_1115
1_0893	4218_469
1_0894	14922_587
1_0895	6157_478
1_0897	3550_886
1_0900	4339_822
1_0905	5279_219
1_0906	9982_1107
1_0908	11796_246
1_0910	838_622
1_0911	8408_1086
1_0912	2185_132
1_0916	1387_91
1_0917	10292_823
1_0918	253_878
1_0919	5282_482
1_0920	14023_247
1_0921	16180_225
1_0923	4693_255
1_0924	6177_660
1_0926	8940_503
1_0927	17420_271
1_0928	5240_1403
1_0930	16863_197
1_0931	6874_1393
1_0932	17531_614
1_0933	14384_321
1_0934	9137_713
1_0935	15947_972
1_0937	17594_359
1_0938	10741_1278
1_0939	12568_234
1_0940	7184_257
1_0942	3215_687
1_0943	15432_780
1_0944	12349_535
1_0945	8784_123
1_0946	10833_1266
1_0948	9779_613
1_0949	16897_327
1_0950	18_107
1_0951	3754_171
1_0952	12584_1346
1_0953	5738_1061
1_0954	9530_611
1_0955	8569_1469
1_0957	5336_1257
1_0958	7548_1327
1_0959	1883_580
1_0960	2908_782
1_0961	8842_943
1_0962	10974_245
1_0964	9187_222
1_0965	8677_1492
1_0966	11985_1833
1_0967	10762_866
1_0968	2974_1109
1_0969	16853_689
1_0970	16877_674
1_0971	8641_1670
1_0972	1107_518
1_0973	15282_687
1_0974	8119_299
1_0975	15599_114
1_0976	4032_220
1_0977	8944_1233
1_0979	4428_1016
1_0981	292_1567
1_0982	12484_660
1_0983	13286_530
1_0984	12122_559
1_0985	7989_340
1_0986	13531_582
1_0987	14034_820
1_0988	3723_716
1_0989	10389_646
1_0990	12185_1210
1_0992	11331_595
1_0993	12685_433
1_0994	4046_554
1_0996	10500_1030
1_0998	14352_1089
1_1001	9135_100
1_1003	1441_128
1_1004	11599_1036
1_1005	5802_465
1_1006	6286_321
1_1007	3900_562
1_1008	7827_394
1_1013	2970_644
1_1014	6224_125
1_1015	9678_835
1_1016	14231_1406
1_1017	6412_1351
1_1018	8877_1528
1_1020	14654_1071
1_1021	1544_947
1_1022	15486_556
1_1023	4609_339
1_1024	8104_851
1_1025	4800_500
1_1026	8956_982
1_1027	2990_57
1_1028	3571_469
1_1032	12356_581
1_1033	13034_542
1_1034	9114_900
1_1035	1734_410
1_1037	9955_544
1_1038	4967_618
1_1039	1297_783
1_1041	4510_497
1_1042	14518_361
1_1043	3082_859
1_1047	11597_678
1_1048	11598_527
1_1049	16821_720
1_1052	11167_1891
1_1056	9418_1052
1_1057	17196_517
1_1058	11984_489
1_1059	13863_519
1_1060	4904_278
1_1061	6561_1160
1_1062	8889_547
1_1063	9577_1847
1_1065	16655_1561
1_1067	593_329
1_1069	677_709
1_1070	10702_348
1_1072	15385_870
1_1073	1783_173
1_1074	16296_530
1_1075	13207_784
1_1076	6199_882
1_1077	7034_542
1_1079	2_341
1_1080	13707_697
1_1081	16220_1226
1_1082	7668_775
1_1083	7643_344
1_1085	313_221
1_1086	8395_1157
1_1087	3853_579
1_1088	6804_755
1_1089	8760_1361
1_1090	12096_1122
1_1092	5061_428
1_1093	10686_567
1_1094	12365_484
1_1095	4098_1148
1_1096	4383_74
1_1097	4553_693
1_1098	16202_1335
1_1099	8011_481
1_1101	4491_1279
1_1103	11118_399
1_1105	8253_397
1_1106	5239_234
1_1107	12265_692
1_1108	4462_114
1_1109	11569_777
1_1111	13947_415
1_1113	557_196
1_1115	8542_298
1_1116	139_439
1_1117	4567_380
1_1118	11851_914
1_1119	440_1399
1_1120	894_153
1_1121	9212_951
1_1122	14203_1099
1_1123	3673_401
1_1124	10277_636
1_1126	13080_585
1_1128	4874_950
1_1129	4325_585
1_1130	6700_679
1_1132	7967_1210
1_1134	4439_1062
1_1135	16822_160
1_1137	8150_1237
1_1138	17303_348
1_1139	4402_623
1_1140	14175_1749
1_1141	4131_472
1_1142	13146_296
1_1144	14730_1034
1_1146	3718_622
1_1147	15638_1925
1_1148	10853_451
1_1149	12827_654
1_1150	5264_1062
1_1151	1426_521
1_1152	2820_248
1_1153	6350_1405
1_1154	8162_215
1_1156	4641_518
1_1157	2728_121
1_1158	5103_976
1_1159	17423_621
1_1161	14793_1252
1_1162	16728_407
1_1164	16524_633
1_1165	14660_512
1_1166	1825_861
1_1167	14773_435
1_1168	12428_146
1_1169	15910_54
1_1170	16934_100
1_1171	16194_976
1_1172	5028_136
1_1177	12882_709
1_1180	7392_569
1_1181	16560_845
1_1184	10141_1234
1_1186	13017_290
1_1188	7952_748
1_1189	14859_1256
1_1192	2729_672
1_1193	11484_541
1_1194	673_473
1_1195	3003_594
1_1197	6120_967
1_1198	6592_568
1_1199	6378_514
1_1202	2829_305
1_1205	15853_1030
1_1206	15933_118
1_1208	16246_689
1_1209	8749_375
1_1212	15122_457
1_1214	16413_395
1_1215	8546_917
1_1217	1060_220
1_1218	4238_636
1_1221	1202_1215
1_1222	8978_1549
1_1223	2467_465
1_1224	9085_493
1_1225	2345_1264
1_1226	14534_822
1_1228	5596_519
1_1230	14017_759
1_1231	12251_411
1_1232	13693_225
1_1234	9677_2260
1_1235	14497_540
1_1236	11371_619
1_1237	12183_298
1_1240	13137_722
1_1241	2730_767
1_1242	4217_685
1_1243	11920_1704
1_1244	3201_428
1_1246	2395_247
1_1249	11138_624
1_1251	13899_828
1_1252	9607_1753
1_1253	15469_266
1_1254	15130_387
1_1255	9400_502
1_1258	9739_495
1_1259	1684_652
1_1260	1281_790
1_1261	11736_560
1_1262	1041_1464
1_1263	8906_592
1_1264	11709_707
1_1271	3701_796
1_1273	437_590
1_1275	3787_812
1_1277	10951_1216
1_1278	8306_119
1_1281	2682_1169
1_1282	2302_557
1_1284	14604_737
1_1285	11121_1783
1_1286	8414_672
1_1291	10941_471
1_1292	7369_132
1_1295	3274_2114
1_1298	5430_435
1_1299	10763_123
1_1300	13129_146
1_1302	4563_661
1_1307	11116_1104
1_1316	14110_2536
1_1319	5503_54
1_1322	17426_493
1_1327	5756_456
1_1329	5081_771
1_1331	5017_425
1_1333	16124_770
1_1337	3539_257
1_1338	4640_1291
1_1339	9324_62
1_1340	7977_794
1_1341	4484_353
1_1342	8551_789
1_1343	3211_511
1_1344	16392_656
1_1345	11359_213
1_1346	12918_1176
1_1347	3922_161
1_1348	860_536
1_1349	17516_1173
1_1350	12505_1312
1_1351	8284_565
1_1352	17482_615
1_1357	15779_1173
1_1358	11211_463
1_1359	10115_384
1_1360	12393_305
1_1361	8245_196
1_1362	7248_578
1_1363	10279_316
1_1364	17260_1966
1_1366	10172_1642
1_1367	9134_1559
1_1368	9645_589
1_1369	1165_701
1_1370	10661_873
1_1371	1762_775
1_1372	6927_582
1_1373	79_1108
1_1374	9029_119
1_1375	6544_327
1_1376	13281_572
1_1378	9628_115
1_1379	8947_802
1_1380	8594_427
1_1381	1277_292
1_1382	5720_199
1_1388	4882_531
1_1389	11409_406
1_1390	9829_759
1_1392	7191_1173
1_1393	3817_478
1_1396	7934_625
1_1398	4125_909
1_1399	2771_491
1_1401	9014_153
1_1402	3843_1271
1_1403	14809_1397
1_1404	10269_488
1_1405	2014_583
1_1406	12996_239
1_1408	13865_873
1_1409	7201_2195
1_1410	13463_218
1_1412	7068_60
1_1413	1078_282
1_1414	3344_664
1_1415	5793_1199
1_1416	63_667
1_1417	2282_767
1_1418	4632_844
1_1419	3720_560
1_1422	1578_1458
1_1424	14619_471
1_1427	16422_1571
1_1430	16141_319
1_1431	16946_421
1_1432	2454_481
1_1434	8896_1045
1_1439	2814_506
1_1440	8276_369
1_1443	9959_97
1_1444	13249_404
1_1445	13794_319
1_1446	17600_621
1_1449	2680_1095
1_1452	6668_627
1_1453	11054_889
1_1455	13022_1425
1_1456	13877_347
1_1460	13665_260
1_1465	15409_775
1_1467	15773_423
1_1468	15451_698
1_1469	4699_140
1_1470	13748_1563
1_1472	12793_473
1_1478	2941_726
1_1481	554_515
1_1482	8669_902
1_1483	12944_1200
1_1484	14565_1007
1_1486	11857_773
1_1489	17157_1487
1_1490	14891_888
1_1491	4864_429
1_1492	5058_372
1_1493	11657_646
1_1495	17490_975
1_1496	5928_794
1_1498	6354_236
1_1499	12324_917
1_1500	4652_637
1_1504	5861_455
1_1505	1257_517
1_1507	15361_691
1_1509	3946_641
1_1510	10466_465
1_1512	8118_1675
1_1513	184_528
1_1515	5356_124
1_1517	14096_1256
1_1520	2245_530
1_1521	7090_524
1_1522	2453_65
1_1523	8044_1006
1_1525	1594_1063
1_1526	16494_1773
1_1527	2323_397
1_1528	5678_418
1_1529	3265_534
1_1530	5428_339
1_1533	11613_1075
1_1534	17149_508
1_1535	6580_67
